Date,Symbols,Above_MA_30W,Symbols_MA_10W,Above_MA_10W,Pct_Above_MA_30W,Pct_Above_MA_10W,Benchmark_Close,Benchmark_Ticker
2025-12-15,1602,427,1666,390,26.654182272159797,23.409363745498197,23725.19921875,^CRSLDX
2025-12-16,1602,406,1668,369,25.343320848938827,22.12230215827338,23570.150390625,^CRSLDX
2025-12-17,1602,376,1670,335,23.470661672908864,20.059880239520957,23496.05078125,^CRSLDX
2025-12-18,1602,373,1670,310,23.283395755305868,18.562874251497004,23491.5,^CRSLDX
2025-12-19,1602,400,1671,371,24.968789013732835,22.20227408737283,23677.55078125,^CRSLDX
2025-12-22,1602,422,1671,437,26.34207240948814,26.152004787552364,23867.650390625,^CRSLDX
2025-12-23,1603,452,1672,476,28.197130380536496,28.4688995215311,23895.150390625,^CRSLDX
2025-12-24,1604,439,1672,465,27.369077306733168,27.811004784688997,23850.25,^CRSLDX
2025-12-26,1605,430,1673,467,26.791277258566975,27.913927077106994,23780.25,^CRSLDX
2025-12-29,1607,419,1673,432,26.073428749222156,25.82187686790197,23682.099609375,^CRSLDX
2025-12-30,1608,410,1673,424,25.497512437810943,25.343693962940826,23668.80078125,^CRSLDX
2025-12-31,1609,433,1673,483,26.911124922311995,28.870292887029287,23871.55078125,^CRSLDX
2026-01-01,1609,439,1673,495,27.28402734617775,29.587567244471007,,^CRSLDX
2026-01-02,1609,478,1674,587,29.70789310130516,35.065710872162484,24099.0,^CRSLDX
2026-01-05,1609,469,1674,583,29.148539465506524,34.826762246117084,24058.44921875,^CRSLDX
2026-01-06,1609,448,1674,542,27.843380981976384,32.37753882915173,24010.5,^CRSLDX
2026-01-07,1611,465,1674,571,28.86405959031657,34.10991636798089,24016.599609375,^CRSLDX
2026-01-08,1611,397,1674,442,24.643078833022965,26.40382317801673,23680.099609375,^CRSLDX
2026-01-09,1611,351,1674,338,21.787709497206702,20.19115890083632,23467.349609375,^CRSLDX
2026-01-12,1611,340,1674,306,21.104903786468032,18.27956989247312,23510.44921875,^CRSLDX
2026-01-13,1611,338,1674,344,20.980757293606455,20.54958183990442,23480.650390625,^CRSLDX
2026-01-14,1611,352,1674,375,21.84978274363749,22.401433691756274,23475.849609375,^CRSLDX
2026-01-16,1613,336,1676,348,20.830750154990703,20.763723150357997,23485.30078125,^CRSLDX
2026-01-19,1613,301,1677,308,18.66088034717917,18.36612999403697,23373.75,^CRSLDX
2026-01-20,1614,255,1677,185,15.79925650557621,11.03160405485987,22946.650390625,^CRSLDX
2026-01-21,1615,236,1679,174,14.613003095975232,10.363311494937463,22835.150390625,^CRSLDX
2026-01-22,1615,261,1679,222,16.1609907120743,13.222156045265038,23008.75,^CRSLDX
2026-01-23,1615,226,1680,169,13.993808049535602,10.05952380952381,22706.19921875,^CRSLDX
2026-01-27,1619,226,1682,189,13.959234095120445,11.236623067776456,22819.25,^CRSLDX
2026-01-28,1620,259,1683,262,15.987654320987655,15.56743909685086,23082.099609375,^CRSLDX
2026-01-29,1621,260,1684,276,16.039481801357187,16.389548693586697,23134.80078125,^CRSLDX
2026-01-30,1621,275,1685,337,16.964836520666253,20.0,23079.5,^CRSLDX
2026-02-02,1621,273,1685,283,16.841455891425046,16.795252225519288,22837.0,^CRSLDX
2026-02-03,1621,355,1685,495,21.900061690314622,29.376854599406528,23446.30078125,^CRSLDX
2026-02-04,1622,369,1686,587,22.749691738594326,34.816132858837484,23534.94921875,^CRSLDX
2026-02-05,1622,368,1686,549,22.688039457459926,32.562277580071175,23411.69921875,^CRSLDX
2026-02-06,1622,360,1687,556,22.19482120838471,32.957913455838764,23434.0,^CRSLDX
2026-02-09,1623,434,1688,763,26.74060382008626,45.20142180094787,23683.400390625,^CRSLDX
2026-02-10,1623,453,1688,858,27.911275415896487,50.82938388625592,23753.75,^CRSLDX
2026-02-11,1623,444,1688,831,27.35674676524954,49.22985781990521,23783.05078125,^CRSLDX
2026-02-12,1624,435,1688,752,26.785714285714285,44.54976303317535,23651.55078125,^CRSLDX
2026-02-13,1624,385,1688,631,23.70689655172414,37.38151658767773,23313.150390625,^CRSLDX
2026-02-16,1625,382,1689,587,23.507692307692306,34.75429248075784,23472.44921875,^CRSLDX
2026-02-17,1625,414,1689,644,25.476923076923075,38.12907045589106,23540.05078125,^CRSLDX
2026-02-18,1626,418,1692,670,25.707257072570727,39.59810874704492,23645.80078125,^CRSLDX
2026-02-19,1626,377,1692,572,23.185731857318572,33.80614657210402,23297.44921875,^CRSLDX
2026-02-20,1626,379,1692,572,23.308733087330875,33.80614657210402,23395.0,^CRSLDX
2026-02-23,1626,396,1694,578,24.354243542435423,34.120425029515935,23484.94921875,^CRSLDX
2026-02-24,1626,368,1694,496,22.63222632226322,29.279811097992912,23304.599609375,^CRSLDX
2026-02-25,1627,375,1696,535,23.048555623847573,31.544811320754718,23403.80078125,^CRSLDX
2026-02-26,1628,394,1696,561,24.201474201474202,33.07783018867924,23448.5,^CRSLDX
2026-02-27,1629,373,1696,509,22.897483118477595,30.01179245283019,23166.849609375,^CRSLDX
2026-03-02,1629,322,1696,401,19.76672805402087,23.6438679245283,22835.94921875,^CRSLDX
2026-03-04,1632,280,1697,325,17.15686274509804,19.15144372421921,22409.80078125,^CRSLDX
2026-03-05,1632,304,1697,361,18.627450980392158,21.272834413671184,22697.80078125,^CRSLDX
2026-03-06,1632,301,1697,357,18.443627450980394,21.03712433706541,22481.30078125,^CRSLDX
2026-03-09,1632,247,1697,281,15.134803921568626,16.55863288155569,22056.55078125,^CRSLDX
2026-03-10,1633,285,1698,368,17.45254133496632,21.672555948174324,22342.94921875,^CRSLDX
2026-03-11,1633,278,1698,354,17.02388242498469,20.848056537102476,22042.30078125,^CRSLDX
2026-03-12,1635,268,1698,348,16.3914373088685,20.49469964664311,21897.5,^CRSLDX
2026-03-13,1635,226,1698,250,13.822629969418958,14.723203769140165,21391.19921875,^CRSLDX
2026-03-16,1635,224,1698,226,13.700305810397554,13.30977620730271,21498.80078125,^CRSLDX
2026-03-17,1636,232,1698,267,14.180929095354522,15.724381625441698,21669.30078125,^CRSLDX
2026-03-18,1637,262,1698,340,16.0048869883934,20.023557126030624,21917.400390625,^CRSLDX
2026-03-19,1637,227,1698,262,13.866829566279781,15.429917550058892,21225.80078125,^CRSLDX
2026-03-20,1637,239,1699,318,14.599877825290164,18.716892289582105,21327.900390625,^CRSLDX
2026-03-23,1637,175,1699,186,10.690287110568113,10.947616244849911,20664.25,^CRSLDX
2026-03-24,1641,213,1699,246,12.979890310786105,14.479105356091818,21067.0,^CRSLDX
2026-03-25,1641,248,1699,310,15.112736136502134,18.24602707474985,21478.19921875,^CRSLDX
2026-03-27,1642,221,1699,241,13.45919610231425,14.18481459682166,21020.150390625,^CRSLDX
2026-03-30,1642,194,1700,210,11.814859926918391,12.352941176470589,20528.05078125,^CRSLDX
2026-04-01,1644,242,1701,295,14.720194647201945,17.342739564961786,20935.150390625,^CRSLDX
2026-04-02,1646,248,1701,330,15.066828675577156,19.400352733686066,20938.349609375,^CRSLDX
2026-04-06,1647,269,1701,405,16.33272616879174,23.809523809523807,21194.05078125,^CRSLDX
2026-04-07,1647,287,1701,454,17.42562234365513,26.6901822457378,21296.44921875,^CRSLDX
2026-04-08,1647,379,1702,794,23.011536126290224,46.650998824911866,22137.099609375,^CRSLDX
2026-04-09,1648,383,1702,806,23.240291262135923,47.35605170387779,22037.5,^CRSLDX
2026-04-10,1648,448,1702,1036,27.184466019417474,60.86956521739131,22346.75,^CRSLDX
2026-04-13,1648,439,1702,1009,26.63834951456311,59.28319623971798,22179.05078125,^CRSLDX
2026-04-15,1650,564,1702,1278,34.18181818181818,75.08813160987074,22595.55078125,^CRSLDX
2026-04-16,1650,605,1702,1355,36.666666666666664,79.61222091656875,22656.30078125,^CRSLDX
2026-04-17,1650,669,1702,1442,40.54545454545455,84.72385428907168,22869.400390625,^CRSLDX
2026-04-20,1650,643,1702,1392,38.96969696969697,81.786133960047,22865.80078125,^CRSLDX
2026-04-21,1651,681,1702,1439,41.24772864930345,84.5475910693302,23042.349609375,^CRSLDX
2026-04-22,1652,724,1702,1463,43.82566585956417,85.95769682726204,22991.5,^CRSLDX
2026-04-23,1653,707,1702,1444,42.77071990320629,84.84136310223266,22810.849609375,^CRSLDX
2026-04-24,1655,640,1702,1340,38.670694864048336,78.73090481786133,22570.05078125,^CRSLDX
2026-04-27,1657,740,1704,1463,44.65902232951117,85.85680751173709,22821.400390625,^CRSLDX
2026-04-28,1660,746,1706,1445,44.93975903614458,84.7010550996483,22765.599609375,^CRSLDX
2026-04-29,1661,744,1706,1447,44.79229379891632,84.81828839390387,22871.0,^CRSLDX
2026-04-30,1661,724,1707,1407,43.588199879590604,82.42530755711776,22683.55078125,^CRSLDX
2026-05-04,1666,786,1707,1465,47.17887154861945,85.82308142940832,22830.75,^CRSLDX
2026-05-05,1668,802,1707,1450,48.08153477218225,84.94434680726421,22808.25,^CRSLDX
2026-05-06,1670,875,1707,1545,52.39520958083832,90.50966608084359,23133.400390625,^CRSLDX
2026-05-07,1670,940,1707,1568,56.287425149700596,91.85705916813123,23214.0,^CRSLDX
2026-05-08,1671,962,1708,1545,57.57031717534411,90.4566744730679,23115.650390625,^CRSLDX
2026-05-11,1671,879,1709,1482,52.6032315978456,86.71737858396723,22795.75,^CRSLDX
2026-05-12,1672,727,1709,1302,43.48086124401914,76.18490345231129,22299.900390625,^CRSLDX
2026-05-13,1672,759,1710,1314,45.39473684210527,76.84210526315789,22377.349609375,^CRSLDX
2026-05-14,1673,751,1711,1309,44.889420203227736,76.50496785505553,22613.099609375,^CRSLDX
2026-05-15,1673,738,1711,1248,44.11237298266587,72.93980128579778,22531.150390625,^CRSLDX
2026-05-18,1673,684,1712,1116,40.884638374178124,65.18691588785047,22461.05078125,^CRSLDX
2026-05-19,1673,735,1712,1184,43.93305439330544,69.1588785046729,22521.75,^CRSLDX
2026-05-20,1673,732,1713,1175,43.75373580394501,68.59311150029188,22578.150390625,^CRSLDX
2026-05-21,1673,768,1713,1213,45.90555887627018,70.81144191476942,22602.849609375,^CRSLDX
2026-05-22,1674,771,1714,1211,46.0573476702509,70.6534422403734,22651.30078125,^CRSLDX
2026-05-25,1674,829,1714,1274,49.522102747909194,74.32905484247374,22929.44921875,^CRSLDX
2026-05-26,1674,848,1714,1266,50.65710872162485,73.86231038506418,22897.19921875,^CRSLDX
2026-05-27,1674,869,1714,1268,51.9115890083632,73.97899649941657,22967.400390625,^CRSLDX
2026-05-29,1674,834,1716,1160,49.82078853046595,67.5990675990676,22657.0,^CRSLDX
2026-06-01,1674,799,1717,1024,47.7299880525687,59.63890506697729,22437.94921875,^CRSLDX
2026-06-02,1674,821,1718,1048,49.044205495818396,61.0011641443539,22521.099609375,^CRSLDX
2026-06-03,1674,819,1718,992,48.924731182795696,57.741559953434226,22451.849609375,^CRSLDX
2026-06-04,1675,839,1718,1007,50.089552238805965,58.61466821885914,22497.69921875,^CRSLDX
2026-06-05,1676,842,1718,973,50.23866348448688,56.63562281722933,22465.349609375,^CRSLDX
2026-06-08,1677,771,1719,793,45.97495527728086,46.131471785922045,22173.69921875,^CRSLDX
2026-06-09,1677,821,1719,910,48.95646988670245,52.93775450843514,22370.150390625,^CRSLDX
2026-06-10,1679,774,1719,782,46.098868374032165,45.49156486329261,22233.849609375,^CRSLDX
2026-06-11,1679,741,1722,671,44.13341274568195,38.96631823461092,22114.44921875,^CRSLDX
2026-06-12,1680,846,1722,859,50.357142857142854,49.88385598141696,22599.80078125,^CRSLDX
2026-06-15,1680,926,1722,986,55.11904761904762,57.25900116144018,22891.30078125,^CRSLDX
2026-06-16,1682,949,1722,1030,56.42092746730083,59.814169570267126,22997.25,^CRSLDX
2026-06-17,1683,972,1722,1037,57.75401069518716,60.22067363530779,23109.69921875,^CRSLDX
2026-06-18,1684,1001,1722,1074,59.44180522565321,62.36933797909408,23206.44921875,^CRSLDX
2026-06-19,1685,1004,1722,1067,59.58456973293769,61.96283391405343,23144.19921875,^CRSLDX
2026-06-22,1685,1062,1725,1133,63.026706231454014,65.68115942028986,23261.849609375,^CRSLDX
2026-06-23,1685,1016,1725,1061,60.29673590504451,61.507246376811594,23010.94921875,^CRSLDX
2026-06-24,1686,1036,1728,1051,61.44721233689205,60.82175925925925,23126.30078125,^CRSLDX
2026-06-25,1686,1006,1728,993,59.66785290628707,57.46527777777778,23113.69921875,^CRSLDX
2026-06-29,1688,959,1729,913,56.812796208530806,52.80508964719491,23000.0,^CRSLDX
2026-06-30,1688,991,1729,942,58.70853080568721,54.48235974551764,22995.650390625,^CRSLDX
2026-07-01,1688,1013,1729,970,60.01184834123223,56.10179294389821,23111.650390625,^CRSLDX
2026-07-02,1688,1061,1729,1039,62.855450236966824,60.09253903990746,23264.80078125,^CRSLDX
2026-07-03,1688,1074,1729,1076,63.62559241706162,62.232504337767494,23301.150390625,^CRSLDX
2026-07-06,1689,1066,1729,1053,63.114268798105385,60.902255639097746,23433.94921875,^CRSLDX
2026-07-07,1689,1044,1729,1000,61.811722912966246,57.8368999421631,23368.849609375,^CRSLDX
2026-07-08,1692,932,1729,812,55.08274231678487,46.963562753036435,22908.05078125,^CRSLDX
2026-07-09,1692,1009,1729,907,59.63356973995272,52.45806824754193,23081.150390625,^CRSLDX
2026-07-10,1692,1059,1729,1018,62.5886524822695,58.87796414112204,23348.400390625,^CRSLDX
2026-07-13,1694,1091,1729,1045,64.40377804014167,60.43956043956044,23347.05078125,^CRSLDX
2026-07-14,1694,1063,1729,970,62.7508854781582,56.10179294389821,23199.44921875,^CRSLDX
2026-07-15,1696,1073,1729,994,63.266509433962256,57.48987854251012,23263.900390625,^CRSLDX
2026-07-16,1696,1058,1729,1002,62.382075471698116,57.952573742047434,23232.650390625,^CRSLDX
2026-07-17,1696,1029,1730,954,60.67216981132076,55.14450867052023,23336.30078125,^CRSLDX
2026-07-20,1696,1035,1730,987,61.02594339622641,57.052023121387286,23338.05078125,^CRSLDX
2026-07-21,1697,1052,1730,992,61.991750147318804,57.34104046242775,23352.150390625,^CRSLDX
2026-07-22,1697,991,1730,900,58.39717147908073,52.02312138728323,23145.05078125,^CRSLDX
2026-07-23,1697,959,1730,840,56.511490866234524,48.554913294797686,22982.400390625,^CRSLDX
2026-07-24,1697,958,1730,845,56.452563347083085,48.84393063583815,22913.30078125,^CRSLDX
2026-07-27,1697,1003,1730,924,59.104301708898056,53.410404624277454,23153.099609375,^CRSLDX
2026-07-28,1698,984,1730,851,57.95053003533569,49.190751445086704,23114.900390625,^CRSLDX
2026-07-29,1698,1016,1730,904,59.835100117785636,52.2543352601156,23352.599609375,^CRSLDX
2026-07-30,1698,1012,1730,835,59.59952885747939,48.26589595375722,23353.55078125,^CRSLDX
2026-07-31,1698,1019,1730,878,60.01177856301532,50.7514450867052,23460.69921875,^CRSLDX
2026-08-03,1698,1101,1730,1004,64.84098939929329,58.03468208092486,23802.849609375,^CRSLDX
2026-08-04,1698,1105,1730,985,65.07656065959952,56.936416184971094,23690.150390625,^CRSLDX
2026-08-05,1698,1124,1730,1036,66.19552414605418,59.884393063583815,23735.55078125,^CRSLDX
2026-08-06,1698,1137,1730,1024,66.96113074204946,59.19075144508671,23729.44921875,^CRSLDX
2026-08-07,1699,1134,1730,1009,66.74514420247203,58.323699421965316,23712.099609375,^CRSLDX
2026-08-10,1699,1132,1730,998,66.62742789876398,57.6878612716763,23743.19921875,^CRSLDX
2026-08-11,1699,1128,1730,961,66.39199529134785,55.54913294797687,23681.150390625,^CRSLDX
2026-08-12,1699,1091,1730,918,64.21424367274867,53.063583815028906,23672.44921875,^CRSLDX
2026-08-13,1699,1078,1730,911,63.44908769864627,52.65895953757226,23658.099609375,^CRSLDX
2026-08-14,1699,1066,1730,899,62.742789876397886,51.96531791907515,23594.900390625,^CRSLDX
2026-08-17,1700,1059,1730,878,62.29411764705882,50.7514450867052,23564.44921875,^CRSLDX
2026-08-18,1700,1036,1730,871,60.94117647058823,50.34682080924856,23472.400390625,^CRSLDX
2026-08-19,1701,1020,1731,841,59.9647266313933,48.58463316002311,23386.19921875,^CRSLDX
2026-08-20,1701,1037,1731,853,60.96413874191652,49.27787406123628,23512.94921875,^CRSLDX
2026-08-21,1701,1038,1732,875,61.022927689594354,50.519630484988454,23530.30078125,^CRSLDX
2026-08-24,1701,1043,1736,856,61.31687242798354,49.30875576036866,23511.75,^CRSLDX
2026-08-25,1701,1041,1736,848,61.19929453262787,48.8479262672811,23611.599609375,^CRSLDX
2026-08-26,1702,1067,1736,865,62.69095182138661,49.827188940092164,23559.19921875,^CRSLDX
2026-08-27,1702,1056,1736,845,62.04465334900118,48.675115207373274,23482.0,^CRSLDX
2026-08-28,1702,1057,1736,866,62.103407755581664,49.88479262672811,23528.55078125,^CRSLDX
2026-08-31,1702,1023,1736,845,60.105757931844884,48.675115207373274,23450.349609375,^CRSLDX
2026-09-01,1702,1011,1736,811,59.40070505287897,46.71658986175115,23339.900390625,^CRSLDX
2026-09-02,1702,990,1736,777,58.1668625146886,44.75806451612903,23222.80078125,^CRSLDX
2026-09-03,1702,1016,1736,826,59.694477085781436,47.58064516129033,23254.05078125,^CRSLDX
2026-09-04,1702,1026,1736,855,60.28202115158637,49.25115207373272,23254.150390625,^CRSLDX
2026-09-07,1702,1013,1737,836,59.51821386603995,48.12895797351756,23156.19921875,^CRSLDX
2026-09-08,1702,1005,1737,844,59.048178613396004,48.5895221646517,23106.099609375,^CRSLDX
2026-09-09,1702,1009,1739,830,59.28319623971798,47.72857964347326,22958.75,^CRSLDX
2026-09-10,1702,988,1740,794,58.049353701527615,45.632183908045974,22952.349609375,^CRSLDX
2026-09-11,1702,967,1741,763,56.81551116333725,43.82538770821367,22866.5,^CRSLDX
2026-09-15,1706,868,1742,610,50.87924970691676,35.017221584385766,22477.44921875,^CRSLDX
2026-09-16,1706,855,1743,594,50.11723329425557,34.07917383820998,22532.0,^CRSLDX
2026-09-17,1707,892,1743,632,52.25541886350322,36.25932300631096,22654.650390625,^CRSLDX
2026-09-18,1707,936,1743,707,54.833040421792624,40.562248995983936,22840.55078125,^CRSLDX
2026-09-21,1707,942,1743,720,55.18453427065027,41.30808950086058,22860.05078125,^CRSLDX
2026-09-22,1707,931,1743,725,54.54012888107791,41.59495123350545,22794.19921875,^CRSLDX
2026-09-23,1707,969,1744,812,56.76625659050967,46.559633027522935,22935.099609375,^CRSLDX
2026-09-24,1707,915,1745,724,53.602811950790866,41.48997134670488,22552.599609375,^CRSLDX
2026-09-25,1708,919,1745,745,53.8056206088993,42.693409742120345,22603.5,^CRSLDX
2026-09-28,1709,864,1745,619,50.55588063194851,35.4727793696275,22232.150390625,^CRSLDX
2026-09-29,1709,857,1746,617,50.146284376828554,35.337915234822454,22101.0,^CRSLDX
2026-09-30,1710,851,1746,614,49.76608187134503,35.16609392898053,22072.099609375,^CRSLDX
