Symbol,Sessions_52W,Blocked_By,Sessions_To_Go,Matures_Around
ADVANCE,245,history,1,2026-10-07
OMFREIGHT,245,history,1,2026-10-07
WEWORK,243,history,3,2026-10-09
LGEINDIA,241,history,5,2026-10-13
RUBICON,239,history,7,2026-10-15
MIDWESTLTD,234,history,13,2026-10-23
ORKLAINDIA,226,history,22,2026-11-05
STUDDS,225,history,23,2026-11-06
LENSKART,224,history,24,2026-11-09
GROWW,222,history,26,2026-11-11
TMCV,222,history,26,2026-11-11
PINELABS,220,history,28,2026-11-13
EMMVEE,218,history,30,2026-11-17
PWL,218,history,30,2026-11-17
TENNIND,217,history,31,2026-11-18
UTLSOLAR,216,history,32,2026-11-19
CAPILLARY,215,history,33,2026-11-20
EXCELSOFT,212,history,36,2026-11-25
SUDEEPPHRM,210,history,38,2026-11-27
PAUSHAKLTD,209,history,39,2026-11-30
SKFINDUS,204,history,44,2026-12-07
AEQUS,202,history,46,2026-12-09
MEESHO,202,history,46,2026-12-09
VIDYAWIRES,202,history,46,2026-12-09
CORONA,199,history,49,2026-12-14
WAKEFIT,199,history,49,2026-12-14
NEPHROPLUS,197,history,51,2026-12-16
PARKHOSPS,197,history,51,2026-12-16
KSHINTL,193,history,55,2026-12-22
GKSL,189,history,60,2026-12-29
BUILDPRO,181,history,68,2027-01-08
BHARATCOAL,176,history,74,2027-01-18
AMAGI,174,history,76,2027-01-20
SHADOWFAX,170,history,81,2027-01-27
FRACTAL,157,history,94,2027-02-15
KWIL,157,history,94,2027-02-15
DCMSIL,156,history,95,2027-02-16
DSFCL,156,history,95,2027-02-16
CEINSYS,154,history,97,2027-02-18
GAUDIUMIVF,148,history,103,2027-02-26
CLEANMAX,147,history,104,2027-03-01
PNGSREVA,146,history,106,2027-03-03
OMNI,145,history,107,2027-03-04
INA,143,history,109,2027-03-08
SEDEMAC,141,history,111,2027-03-10
MARSONS,139,history,113,2027-03-12
RSL,135,history,117,2027-03-18
SINGERIND,135,history,117,2027-03-18
INNOVISION,133,history,119,2027-03-22
GSPCROP,132,history,120,2027-03-23
CMPDI,129,history,124,2027-03-29
AEROPLANE,127,history,127,2027-04-01
POWERICA,127,history,127,2027-04-01
SAIPARENT,127,history,127,2027-04-01
ARIHANT,121,history,134,2027-04-12
GRAUWEIL,121,history,134,2027-04-12
KOVAI,121,history,134,2027-04-12
GOODYEAR,120,history,136,2027-04-14
KENNAMET,120,history,136,2027-04-14
NOVARTIND,120,history,136,2027-04-14
OMPOWER,118,history,138,2027-04-16
KISSHT,104,history,153,2027-05-07
CMRGREEN,82,history,176,2027-06-09
HEXAGON,80,history,178,2027-06-11
VAML,79,history,179,2027-06-14
VEDPOWER,79,history,179,2027-06-14
VISL,79,history,179,2027-06-14
VOGL,79,history,179,2027-06-14
TURTLEMINT,70,history,189,2027-06-28
CORDELIA,68,history,191,2027-06-30
RAMBHAJO,68,history,191,2027-06-30
CSM,67,history,192,2027-07-01
AGL,66,history,193,2027-07-02
AASTHA,65,history,194,2027-07-05
KNACK,63,history,196,2027-07-07
KUSUMGAR,58,history,201,2027-07-14
LASERPOWER,57,history,202,2027-07-15
ALPINETEX,54,history,205,2027-07-20
CMLL,51,history,208,2027-07-23
INDOMIM,47,history,212,2027-07-29
LCL,47,history,212,2027-07-29
XTRANET,47,history,212,2027-07-29
MANIPALHOS,43,history,216,2027-08-04
JNPR,42,history,217,2027-08-05
MVELECTRO,42,history,217,2027-08-05
ANDREWYU,39,history,220,2027-08-10
VISHAL,39,history,220,2027-08-10
WATERBASE,39,history,220,2027-08-10
ARDEE,38,history,221,2027-08-11
LEAPIND,36,history,223,2027-08-13
TECHNOCRAF,36,history,223,2027-08-13
DHOOTTRANS,35,history,224,2027-08-16
MOLBIO,35,history,224,2027-08-16
ASTAR,34,history,225,2027-08-17
BENGALASM,34,history,225,2027-08-17
BLIL,34,history,225,2027-08-17
DAICHI,34,history,225,2027-08-17
DRAGARWQ,34,history,225,2027-08-17
KAMAHOLD,34,history,225,2027-08-17
KOTIC,34,history,225,2027-08-17
MILKYMIST,34,history,225,2027-08-17
PREMCO,34,history,225,2027-08-17
QUINT,34,history,225,2027-08-17
TAALTECH,34,history,225,2027-08-17
TAMBOLIIN,34,history,225,2027-08-17
VELJAN,34,history,225,2027-08-17
BLEL,33,history,226,2027-08-18
SHIPROCKET,33,history,226,2027-08-18
HORIZONIND,30,history,229,2027-08-23
LALITHAA,30,history,229,2027-08-23
SHANKESH,29,history,230,2027-08-24
TEMPSENS,26,history,233,2027-08-27
